<?xml version="1.0" encoding="UTF-8" ?>
<!DOCTYPE mapper PUBLIC "-//mybatis.org//DTD Mapper 3.0//EN"
  "http://mybatis.org/dtd/mybatis-3-mapper.dtd">

<mapper namespace="BoardDAO">

	<!-- 글쓰기 -->
	<insert id="createBoard">
		INSERT INTO BOARD (
			BNO, 
			TITLE, 
			CONTENT, 
			WRITER
		) VALUES(
			BOARD_SEQ.NEXTVAL, 
			#{title}, 
			#{content}, 
			#{writer}
		)
	</insert>

	<!-- 글 수정 -->
	<update id="updateBoard">
		UPDATE BOARD
		SET
		TITLE = #{title},
		CONTENT = #{content}
		WHERE
		BNO = #{bno}
	</update>

	<!-- 글 삭제 -->
	<delete id="deleteBoard">
		UPDATE BOARD SET SHOW='N' WHERE BNO = #{bno}
	</delete>

	<!-- 글 삭제 체크 -->
	<select id="checkBoard" resultType="java.lang.Integer"> 
		SELECT COUNT(*) FROM BOARD WHERE BNO = #{bno} AND SHOW = 'Y' 
	</select>

	<!-- 조회수 -->
	<update id="viewCnt">
		UPDATE BOARD
		SET
		VIEWCNT = VIEWCNT+1
		WHERE
		BNO = #{bno}
	</update>

	<!-- 게시글 보기 -->
	<select id="readBoard" resultType="board">
		SELECT 
		*
		FROM 
		BOARD
		WHERE
		BNO = #{bno} AND SHOW = 'Y'
	</select>
	
	<!-- 이전글 -->
	<select id="previousB" resultType="board">
	<![CDATA[
	SELECT * FROM BOARD WHERE BNO = 
	(SELECT MAX(BNO) FROM BOARD WHERE SHOW='Y' AND BNO < #{bno})
	]]>
	</select>
	
	<!-- 다음글 -->
	<select id="nextB" resultType="board">
	<![CDATA[
	SELECT * FROM BOARD WHERE BNO = 
	(SELECT MIN(BNO) FROM BOARD WHERE SHOW='Y' AND BNO > #{bno})
	]]>
	</select>

	<!-- 목록 -->
	<select id="listAllBoard" resultType="board">
		SELECT * FROM 
		(SELECT ROWNUM AS RN, A.* FROM (SELECT * FROM (
		SELECT * FROM BOARD <include refid="search"></include>
		) ORDER BY BNO DESC, REGDATE DESC) A ) 
		WHERE RN BETWEEN #{start} AND #{end}
	</select>
	
	<!-- 게시글 갯수 -->
	<select id="getCountBoard" resultType="java.lang.Integer">
		SELECT COUNT(*) FROM BOARD <include refid="search"></include>
	</select>
	
	<!-- 검색조건 -->
	<sql id="search">
		<choose>
			<when test="searchOption == 'ALL'">
				WHERE SHOW='Y' AND (WRITER LIKE '%'||#{keyword}||'%'
				OR CONTENT LIKE LOWER('%'||#{keyword}||'%')
				OR CONTENT LIKE UPPER('%'||#{keyword}||'%')
				OR TITLE LIKE LOWER('%'||#{keyword}||'%')
				OR TITLE LIKE UPPER('%'||#{keyword}||'%')
				)
			</when>
			<otherwise>
				WHERE SHOW='Y' AND 
				(${searchOption} LIKE LOWER('%'||#{keyword}||'%') OR
				${searchOption} LIKE UPPER('%'||#{keyword}||'%'))
			</otherwise>
		</choose>
	</sql>
	
</mapper>
