<?xml version="1.0" encoding="UTF-8" ?>
<!DOCTYPE mapper PUBLIC "-//mybatis.org//DTD Mapper 3.0//EN"
        "http://mybatis.org/dtd/mybatis-3-mapper.dtd">
 
<mapper namespace="BoardDAO">
 
    <resultMap id="boardResult" type="board"> 
        <id property="seq" column="SEQ" />
        <result property="title" column="TITLE"></result>
        <result property="writer" column="WRITER"></result>
        <result property="content" column="CONTENT"></result>
       <!--  <result property="regDate" column="regdate" /> -->
    </resultMap>
 
    <!-- 입력 -->
    <insert id="insertBoard">
       INSERT  INTO board  (seq, title, writer, content)
        VALUES (BOARD_SEQ.NEXTVAL,#{title},#{writer},#{content})
    </insert>
    
    <!-- 수정 -->
    <update id="updateBoard">
		UPDATE BOARD
		SET
		TITLE = #{title},
		CONTENT = #{content}
		WHERE
		SEQ = #{seq}
	</update>
    
    <!-- 리스트 -->
    <select id="Boardlist" resultMap="boardResult" resultType="board"> 
        <![CDATA[ select * from board ORDER BY seq ]]>
    </select>
   
   <!-- 상세보기 -->
    <select id="getBoardList" resultMap="boardResult" resultType="board">
     <![CDATA[select * from board where seq = #{seq}]]>
    </select>
 	
 	<!-- 삭제 -->
    <delete id="deleteBoard">
        delete board where seq = #{seq}
    </delete>
 
 
</mapper>
